AMR_Class	Samples_Detected	Detection_Frequency_Percent	Detection_Records
BETA-LACTAM	6	100.0	142
AMINOGLYCOSIDE	6	100.0	114
QUATERNARY AMMONIUM	6	100.0	26
TETRACYCLINE	6	100.0	77
MACROLIDE	6	100.0	50
TRIMETHOPRIM	5	83.3	41
PHENICOL	5	83.3	40
LINCOSAMIDE/MACROLIDE/STREPTOGRAMIN	6	100.0	17
SULFONAMIDE	6	100.0	17
LINCOSAMIDE	6	100.0	16
QUINOLONE	3	50.0	16
MACROLIDE/STREPTOGRAMIN	5	83.3	13
NITROFURAN/PHENICOL/QUINOLONE/TETRACYCLINE	2	33.3	11
FOSFOMYCIN	3	50.0	6
GLYCOPEPTIDE	2	33.3	6
NITROIMIDAZOLE	3	50.0	5
RIFAMYCIN	3	50.0	4
BLEOMYCIN	3	50.0	3
LINCOSAMIDE/STREPTOGRAMIN	3	50.0	3
STREPTOTHRICIN	2	33.3	3
AMINOGLYCOSIDE/QUINOLONE	1	16.7	1
COLISTIN	1	16.7	1
LINCOSAMIDE/MACROLIDE	1	16.7	1
