blaOXA	6	27
ant(2'')-Ia	6	9
ere(A)	6	8
qacG2	6	7
sul1	6	7
aadS	6	6
aph(3'')-Ib	6	6
aph(6)-Id	6	6
erm(F)	6	6
qacEdelta1	6	6
tet(W)	6	6
blaMCA	5	8
aadA1	5	7
tet(M)	5	7
qacL	5	6
sul2	5	6
tet(Q)	5	6
aac(6')-IIa	5	5
aadA2	5	5
mph(E)	5	5
msr(E)	5	5
tet(39)	5	5
tet(C)	5	5
tet(X2)	5	5
mef(A)	4	12
msr(D)	4	8
tet(A)	4	5
tet(G)	4	5
aac(6')-Ie/aph(2'')-Ia	4	4
aadA5	4	4
bla	4	4
blaCMY-4	4	4
catB3	4	4
cfxA6	4	4
erm(B)	4	4
floR	4	4
mef(C)	4	4
qacF	4	4
catA16	3	7
ant(6)-Ia	3	5
fosA	3	5
mef(B)	3	5
ere(D)	3	4
aac(3)-IIe	3	3
aac(6')-IIc	3	3
aac(6')-Ib4	3	3
aadA13	3	3
aadA7	3	3
aadE	3	3
aph(3')-IIIa	3	3
aph(3')-Ia	3	3
blaCARB-2	3	3
blaCTX-M-15	3	3
blaOXA-1	3	3
blaOXA-2	3	3
blaOXA-58	3	3
blaRSA1	3	3
blaTEM-1	3	3
ble	3	3
catA1	3	3
cfxA	3	3
cmlA5	3	3
dfrA1	3	3
dfrA14	3	3
dfrA15	3	3
dfrA5	3	3
dfrB5	3	3
dfrF	3	3
floR2	3	3
lnu(AN2)	3	3
lnu(B)	3	3
lsa(E)	3	3
mef(En2)	3	3
mph(G)	3	3
nimA	3	3
qnrS2	3	3
tet(32)	3	3
tet(O)	3	3
oqxA	2	6
blaCMY	2	5
oqxB	2	5
blaVEB	2	3
blaVIM	2	3
catA13	2	3
erm(G)	2	3
lnu(C)	2	3
lnu(F)	2	3
aac(3)-IId	2	2
aac(6')-Il	2	2
aadA22	2	2
aadA27	2	2
aadA6	2	2
arr-3	2	2
blaDHA-1	2	2
blaGES-2	2	2
blaLCR	2	2
blaMOX	2	2
blaNDM-1	2	2
blaNPS-1	2	2
blaOXA-10	2	2
blaOXA-347	2	2
blaPAU	2	2
blaSCO-1	2	2
blaSHV	2	2
blaVEB-1	2	2
catA2	2	2
catB8	2	2
catP	2	2
cfxA3	2	2
cmlB1	2	2
cmx	2	2
dfrA	2	2
dfrA12	2	2
dfrA17	2	2
dfrA19	2	2
dfrA22	2	2
dfrA32	2	2
dfrA7	2	2
lnu(H)	2	2
mph(A)	2	2
mrx(A)	2	2
nimE	2	2
qnrB	2	2
qnrS1	2	2
qnrVC4	2	2
sat2	2	2
spw	2	2
sul3	2	2
sul4	2	2
tet(33)	2	2
tet(36)	2	2
tet(40)	2	2
tet(B)	2	2
tet(D)	2	2
tet(L)	2	2
tet(S)	2	2
tmexC	2	2
tmexD	2	2
toprJ1	2	2
vanX-O	2	2
cphA	1	4
blaRATA	1	3
aac(6')-Im	1	2
aadA11	1	2
qnrD	1	2
smr	1	2
aac(6')	1	1
aac(6')-30	1	1
aac(6')-I	1	1
aac(6')-Ia	1	1
aac(6')-Ib	1	1
aac(6')-Ib-cr5	1	1
aacA34	1	1
aadA16	1	1
aadA4	1	1
ant(3'')-IIc	1	1
ant(6)-Ib	1	1
aph(2'')-IIa	1	1
aph(2'')-IVa	1	1
aph(3')-H48	1	1
aph(3')-IIc	1	1
aph(3')-Ib	1	1
aph(3')-VI	1	1
arr	1	1
arr-2	1	1
blaACT-16	1	1
blaACT-52	1	1
blaAER	1	1
blaCAE	1	1
blaCARB-16	1	1
blaCMH	1	1
blaCMY-152	1	1
blaCTX-M	1	1
blaCTX-M-14	1	1
blaGES	1	1
blaGES-13	1	1
blaGES-5	1	1
blaLAP	1	1
blaNDM	1	1
blaNPS	1	1
blaOXA-1053	1	1
blaOXA-1108	1	1
blaOXA-181	1	1
blaOXA-21	1	1
blaOXA-23	1	1
blaOXA-46	1	1
blaOXA-732	1	1
blaPER	1	1
blaRSD2	1	1
blaTLA	1	1
catA	1	1
catB2	1	1
cdiA	1	1
cfxA4	1	1
cmlA	1	1
dfrA16	1	1
dfrA20	1	1
dfrA24	1	1
dfrA27	1	1
dfrA31	1	1
dfrA33	1	1
dfrA44	1	1
dfrG	1	1
dfrK	1	1
erm(51)	1	1
erm(52)	1	1
erm(A)	1	1
erm(C)	1	1
erm(T)	1	1
erm(Y)	1	1
fosC2	1	1
gar	1	1
lnu(G)	1	1
lnu(I)	1	1
mcr-10	1	1
msr	1	1
qacK	1	1
qnrA1	1	1
qnrB1	1	1
qnrB2	1	1
qnrVC	1	1
qnrVC1	1	1
sat4	1	1
tet(44)	1	1
tet(E)	1	1
tet(X3)	1	1
tetA(P)	1	1
tetB(P)	1	1
tmexC3	1	1
toprJ	1	1
vanH-A	1	1
vanX-A	1	1
vanX-B	1	1
vanY-A	1	1
