ERR7015346	AMINOGLYCOSIDE
ERR7015346	BETA-LACTAM
ERR7015346	LINCOSAMIDE
ERR7015346	LINCOSAMIDE/MACROLIDE/STREPTOGRAMIN
ERR7015346	LINCOSAMIDE/STREPTOGRAMIN
ERR7015346	MACROLIDE
ERR7015346	MACROLIDE/STREPTOGRAMIN
ERR7015346	NITROIMIDAZOLE
ERR7015346	PHENICOL
ERR7015346	QUATERNARY AMMONIUM
ERR7015346	QUINOLONE
ERR7015346	RIFAMYCIN
ERR7015346	SULFONAMIDE
ERR7015346	TETRACYCLINE
ERR7015346	TRIMETHOPRIM
ERR7015351	AMINOGLYCOSIDE
ERR7015351	BETA-LACTAM
ERR7015351	LINCOSAMIDE
ERR7015351	LINCOSAMIDE/MACROLIDE/STREPTOGRAMIN
ERR7015351	MACROLIDE
ERR7015351	PHENICOL
ERR7015351	QUATERNARY AMMONIUM
ERR7015351	SULFONAMIDE
ERR7015351	TETRACYCLINE
ERR7015351	TRIMETHOPRIM
ERR7015367	AMINOGLYCOSIDE
ERR7015367	AMINOGLYCOSIDE/QUINOLONE
ERR7015367	BETA-LACTAM
ERR7015367	BLEOMYCIN
ERR7015367	COLISTIN
ERR7015367	FOSFOMYCIN
ERR7015367	LINCOSAMIDE
ERR7015367	LINCOSAMIDE/MACROLIDE/STREPTOGRAMIN
ERR7015367	LINCOSAMIDE/STREPTOGRAMIN
ERR7015367	MACROLIDE
ERR7015367	MACROLIDE/STREPTOGRAMIN
ERR7015367	NITROFURAN/PHENICOL/QUINOLONE/TETRACYCLINE
ERR7015367	NITROIMIDAZOLE
ERR7015367	PHENICOL
ERR7015367	QUATERNARY AMMONIUM
ERR7015367	QUINOLONE
ERR7015367	RIFAMYCIN
ERR7015367	STREPTOTHRICIN
ERR7015367	SULFONAMIDE
ERR7015367	TETRACYCLINE
ERR7015367	TRIMETHOPRIM
ERR7015387	AMINOGLYCOSIDE
ERR7015387	BETA-LACTAM
ERR7015387	BLEOMYCIN
ERR7015387	FOSFOMYCIN
ERR7015387	LINCOSAMIDE
ERR7015387	LINCOSAMIDE/MACROLIDE
ERR7015387	LINCOSAMIDE/MACROLIDE/STREPTOGRAMIN
ERR7015387	LINCOSAMIDE/STREPTOGRAMIN
ERR7015387	MACROLIDE
ERR7015387	MACROLIDE/STREPTOGRAMIN
ERR7015387	NITROFURAN/PHENICOL/QUINOLONE/TETRACYCLINE
ERR7015387	NITROIMIDAZOLE
ERR7015387	PHENICOL
ERR7015387	QUATERNARY AMMONIUM
ERR7015387	QUINOLONE
ERR7015387	RIFAMYCIN
ERR7015387	STREPTOTHRICIN
ERR7015387	SULFONAMIDE
ERR7015387	TETRACYCLINE
ERR7015387	TRIMETHOPRIM
ERR7015396	AMINOGLYCOSIDE
ERR7015396	BETA-LACTAM
ERR7015396	BLEOMYCIN
ERR7015396	FOSFOMYCIN
ERR7015396	GLYCOPEPTIDE
ERR7015396	LINCOSAMIDE
ERR7015396	LINCOSAMIDE/MACROLIDE/STREPTOGRAMIN
ERR7015396	MACROLIDE
ERR7015396	MACROLIDE/STREPTOGRAMIN
ERR7015396	PHENICOL
ERR7015396	QUATERNARY AMMONIUM
ERR7015396	SULFONAMIDE
ERR7015396	TETRACYCLINE
ERR7015397	AMINOGLYCOSIDE
ERR7015397	BETA-LACTAM
ERR7015397	GLYCOPEPTIDE
ERR7015397	LINCOSAMIDE
ERR7015397	LINCOSAMIDE/MACROLIDE/STREPTOGRAMIN
ERR7015397	MACROLIDE
ERR7015397	MACROLIDE/STREPTOGRAMIN
ERR7015397	QUATERNARY AMMONIUM
ERR7015397	SULFONAMIDE
ERR7015397	TETRACYCLINE
ERR7015397	TRIMETHOPRIM
