ERR7015346	AMINOGLYCOSIDE	29
ERR7015346	BETA-LACTAM	36
ERR7015346	LINCOSAMIDE	8
ERR7015346	LINCOSAMIDE/MACROLIDE/STREPTOGRAMIN	4
ERR7015346	LINCOSAMIDE/STREPTOGRAMIN	1
ERR7015346	MACROLIDE	17
ERR7015346	MACROLIDE/STREPTOGRAMIN	6
ERR7015346	NITROIMIDAZOLE	2
ERR7015346	PHENICOL	12
ERR7015346	QUATERNARY AMMONIUM	5
ERR7015346	QUINOLONE	3
ERR7015346	RIFAMYCIN	1
ERR7015346	SULFONAMIDE	5
ERR7015346	TETRACYCLINE	24
ERR7015346	TRIMETHOPRIM	11
ERR7015351	AMINOGLYCOSIDE	6
ERR7015351	BETA-LACTAM	7
ERR7015351	LINCOSAMIDE	2
ERR7015351	LINCOSAMIDE/MACROLIDE/STREPTOGRAMIN	1
ERR7015351	MACROLIDE	3
ERR7015351	PHENICOL	1
ERR7015351	QUATERNARY AMMONIUM	2
ERR7015351	SULFONAMIDE	3
ERR7015351	TETRACYCLINE	7
ERR7015351	TRIMETHOPRIM	1
ERR7015367	AMINOGLYCOSIDE	24
ERR7015367	AMINOGLYCOSIDE/QUINOLONE	1
ERR7015367	BETA-LACTAM	47
ERR7015367	BLEOMYCIN	1
ERR7015367	COLISTIN	1
ERR7015367	FOSFOMYCIN	3
ERR7015367	LINCOSAMIDE	1
ERR7015367	LINCOSAMIDE/MACROLIDE/STREPTOGRAMIN	1
ERR7015367	LINCOSAMIDE/STREPTOGRAMIN	1
ERR7015367	MACROLIDE	8
ERR7015367	MACROLIDE/STREPTOGRAMIN	2
ERR7015367	NITROFURAN/PHENICOL/QUINOLONE/TETRACYCLINE	9
ERR7015367	NITROIMIDAZOLE	1
ERR7015367	PHENICOL	10
ERR7015367	QUATERNARY AMMONIUM	7
ERR7015367	QUINOLONE	8
ERR7015367	RIFAMYCIN	1
ERR7015367	STREPTOTHRICIN	1
ERR7015367	SULFONAMIDE	3
ERR7015367	TETRACYCLINE	14
ERR7015367	TRIMETHOPRIM	13
ERR7015387	AMINOGLYCOSIDE	25
ERR7015387	BETA-LACTAM	31
ERR7015387	BLEOMYCIN	1
ERR7015387	FOSFOMYCIN	2
ERR7015387	LINCOSAMIDE	3
ERR7015387	LINCOSAMIDE/MACROLIDE	1
ERR7015387	LINCOSAMIDE/MACROLIDE/STREPTOGRAMIN	7
ERR7015387	LINCOSAMIDE/STREPTOGRAMIN	1
ERR7015387	MACROLIDE	11
ERR7015387	MACROLIDE/STREPTOGRAMIN	2
ERR7015387	NITROFURAN/PHENICOL/QUINOLONE/TETRACYCLINE	2
ERR7015387	NITROIMIDAZOLE	2
ERR7015387	PHENICOL	15
ERR7015387	QUATERNARY AMMONIUM	4
ERR7015387	QUINOLONE	5
ERR7015387	RIFAMYCIN	2
ERR7015387	STREPTOTHRICIN	2
ERR7015387	SULFONAMIDE	3
ERR7015387	TETRACYCLINE	22
ERR7015387	TRIMETHOPRIM	15
ERR7015396	AMINOGLYCOSIDE	18
ERR7015396	BETA-LACTAM	12
ERR7015396	BLEOMYCIN	1
ERR7015396	FOSFOMYCIN	1
ERR7015396	GLYCOPEPTIDE	5
ERR7015396	LINCOSAMIDE	1
ERR7015396	LINCOSAMIDE/MACROLIDE/STREPTOGRAMIN	2
ERR7015396	MACROLIDE	6
ERR7015396	MACROLIDE/STREPTOGRAMIN	1
ERR7015396	PHENICOL	2
ERR7015396	QUATERNARY AMMONIUM	4
ERR7015396	SULFONAMIDE	2
ERR7015396	TETRACYCLINE	6
ERR7015397	AMINOGLYCOSIDE	12
ERR7015397	BETA-LACTAM	9
ERR7015397	GLYCOPEPTIDE	1
ERR7015397	LINCOSAMIDE	1
ERR7015397	LINCOSAMIDE/MACROLIDE/STREPTOGRAMIN	2
ERR7015397	MACROLIDE	5
ERR7015397	MACROLIDE/STREPTOGRAMIN	2
ERR7015397	QUATERNARY AMMONIUM	4
ERR7015397	SULFONAMIDE	1
ERR7015397	TETRACYCLINE	4
ERR7015397	TRIMETHOPRIM	1
